<?xml version="1.0" encoding="UTF-8" standalone="yes"?>
<addon 
	id="plugin.video.dumpertcf"
	name="Dumpertcf"
	version="1.1.1"
	provider-name="Skipmode A1, Sparkline">
  <requires>
    <import addon="xbmc.python"                     version="2.14.0"/>
	<import addon="script.module.beautifulsoup"     version="3.0.8"/>
	<import addon="script.module.requests"          version="2.4.3"/>
    <import addon="plugin.video.youtube"            version="5.1.7"/>
    <import addon="script.module.cloudflare.scrape" version="1.6.1"/>
  </requires>
  <extension point="xbmc.python.pluginsource" 	library="addon.py">
    <provides>video</provides>
  </extension>
  <extension point="xbmc.addon.metadata">
	<summary lang="en">Watch funny videos from Dumpert.nl (dutch)</summary>
	<description lang="en">Watch funny videos from Dumpert.nl (dutch)</description>
	<disclaimer lang="en">For bugs, requests or general questions visit the Dumpert.nl thread on the XBMC forum.</disclaimer>
	<summary lang="nl">Bekijk grappige filmpjes van Dumpert.nl (dutch)</summary>
	<description lang="nl">Bekijk grappige filmpjes van Dumpert.nl (dutch)</description>
	<disclaimer lang="nl">Bugs of andere feedback op deze plugin kan geplaatst worden in de Dumpert.nl thread op het XBMC forum.</disclaimer>
    <language>nl</language>
    <platform>all</platform>
    <license>GNU GENERAL PUBLIC LICENSE. Version 3, June 2007</license>
    <forum>http://forum.xbmc.org/showthread.php?tid=162635</forum>
    <website>http://dumpert.nl</website>
    <email></email>
    <source>git://github.com/skipmodea1/plugin.video.dumpert.git</source>
  </extension>
</addon>