<?xml version="1.0" encoding="UTF-8" standalone="yes"?>
<addon id="script.module.execjs"
       name="ExecJs"
       version="1.3.1"
       provider-name="Omoto Kenji/Sam Stephenson/Josh Peek, Skipmode A1">
  <requires>
    <import addon="xbmc.python" version="2.18.0" />
	<import addon="script.module.six" version="1.9.0" />
  </requires>
  <extension point="xbmc.python.module" library="lib" />
  <extension point="xbmc.addon.metadata">
    <platform>all</platform>
    <summary>A Python module (PyExecJs) to execute javascript by Doloopwhile</summary>
    <description>A Python module (PyExecJs) to execute javascript by Doloopwhile</description>
    <license>GNU GENERAL PUBLIC LICENSE. Version 2, June 1991</license>
    <source>https://pypi.python.org/pypi/PyExecJS</source>
  </extension>
</addon>
